[
  {
    "리밸런싱시점":"2020-02-01",
    "티커":"196170",
    "종목명":"알테오젠",
    "최적k":0.15,
    "수익률(%)":29.26,
    "MDD(%)":-14.63,
    "승률(%)":45.0,
    "포트비중(%)":14.29
  },
  {
    "리밸런싱시점":"2020-02-01",
    "티커":"247540",
    "종목명":"에코프로비엠",
    "최적k":0.3,
    "수익률(%)":14.52,
    "MDD(%)":-6.22,
    "승률(%)":40.0,
    "포트비중(%)":14.29
  },
  {
    "리밸런싱시점":"2020-02-01",
    "티커":"039030",
    "종목명":"이오테크닉스",
    "최적k":0.2,
    "수익률(%)":6.13,
    "MDD(%)":-4.89,
    "승률(%)":45.0,
    "포트비중(%)":14.29
  },
  {
    "리밸런싱시점":"2020-02-01",
    "티커":"141080",
    "종목명":"리가켐바이오",
    "최적k":0.5,
    "수익률(%)":2.83,
    "MDD(%)":-4.33,
    "승률(%)":25.0,
    "포트비중(%)":14.29
  },
  {
    "리밸런싱시점":"2020-02-01",
    "티커":"263750",
    "종목명":"펄어비스",
    "최적k":0.5,
    "수익률(%)":1.56,
    "MDD(%)":-1.2,
    "승률(%)":35.0,
    "포트비중(%)":14.29
  },
  {
    "리밸런싱시점":"2020-02-01",
    "티커":"058470",
    "종목명":"리노공업",
    "최적k":0.1,
    "수익률(%)":1.04,
    "MDD(%)":-4.51,
    "승률(%)":50.0,
    "포트비중(%)":14.29
  },
  {
    "리밸런싱시점":"2020-02-01",
    "티커":"237690",
    "종목명":"에스티팜",
    "최적k":0.15,
    "수익률(%)":0.95,
    "MDD(%)":-13.63,
    "승률(%)":30.0,
    "포트비중(%)":14.29
  },
  {
    "리밸런싱시점":"2020-03-01",
    "티커":"000250",
    "종목명":"삼천당제약",
    "최적k":0.1,
    "수익률(%)":32.97,
    "MDD(%)":-6.77,
    "승률(%)":50.0,
    "포트비중(%)":10.0
  },
  {
    "리밸런싱시점":"2020-03-01",
    "티커":"087010",
    "종목명":"펩트론",
    "최적k":0.15,
    "수익률(%)":21.06,
    "MDD(%)":-19.33,
    "승률(%)":45.45,
    "포트비중(%)":10.0
  },
  {
    "리밸런싱시점":"2020-03-01",
    "티커":"240810",
    "종목명":"원익IPS",
    "최적k":0.5,
    "수익률(%)":10.51,
    "MDD(%)":0.0,
    "승률(%)":22.73,
    "포트비중(%)":10.0
  },
  {
    "리밸런싱시점":"2020-03-01",
    "티커":"214150",
    "종목명":"클래시스",
    "최적k":0.4,
    "수익률(%)":7.68,
    "MDD(%)":-9.63,
    "승률(%)":31.82,
    "포트비중(%)":10.0
  },
  {
    "리밸런싱시점":"2020-03-01",
    "티커":"263750",
    "종목명":"펄어비스",
    "최적k":0.3,
    "수익률(%)":7.58,
    "MDD(%)":-6.47,
    "승률(%)":31.82,
    "포트비중(%)":10.0
  },
  {
    "리밸런싱시점":"2020-03-01",
    "티커":"007390",
    "종목명":"네이처셀",
    "최적k":0.75,
    "수익률(%)":5.35,
    "MDD(%)":-7.45,
    "승률(%)":22.73,
    "포트비중(%)":10.0
  },
  {
    "리밸런싱시점":"2020-03-01",
    "티커":"178320",
    "종목명":"서진시스템",
    "최적k":0.3,
    "수익률(%)":4.93,
    "MDD(%)":-11.63,
    "승률(%)":27.27,
    "포트비중(%)":10.0
  },
  {
    "리밸런싱시점":"2020-03-01",
    "티커":"005290",
    "종목명":"동진쎄미켐",
    "최적k":0.5,
    "수익률(%)":4.65,
    "MDD(%)":-8.37,
    "승률(%)":22.73,
    "포트비중(%)":10.0
  },
  {
    "리밸런싱시점":"2020-03-01",
    "티커":"039200",
    "종목명":"오스코텍",
    "최적k":0.2,
    "수익률(%)":4.17,
    "MDD(%)":-13.43,
    "승률(%)":27.27,
    "포트비중(%)":10.0
  },
  {
    "리밸런싱시점":"2020-03-01",
    "티커":"253450",
    "종목명":"스튜디오드래곤",
    "최적k":0.3,
    "수익률(%)":3.99,
    "MDD(%)":-5.8,
    "승률(%)":27.27,
    "포트비중(%)":10.0
  }
]