[
  {
    "name": "알테오젠",
    "best_k": 0.6,
    "stock_code": "196170",
    "order_status": "✅ 20주 주문 완료"
  },
  {
    "name": "에코프로비엠",
    "best_k": 0.1,
    "stock_code": "247540",
    "order_status": "✅ 20주 주문 완료"
  },
  {
    "name": "HLB",
    "best_k": 0.4,
    "stock_code": "028300",
    "order_status": "✅ 20주 주문 완료"
  },
  {
    "name": "에코프로",
    "best_k": 0.1,
    "stock_code": "086520",
    "order_status": "✅ 20주 주문 완료"
  },
  {
    "name": "펩트론",
    "best_k": 0.1,
    "stock_code": "087010",
    "order_status": "✅ 20주 주문 완료"
  },
  {
    "name": "레인보우로보틱스",
    "best_k": 0.1,
    "stock_code": "277810",
    "order_status": "✅ 20주 주문 완료"
  },
  {
    "name": "파마리서치",
    "best_k": 0.1,
    "stock_code": "214450",
    "order_status": "✅ 20주 주문 완료"
  },
  {
    "name": "리가켐바이오",
    "best_k": 0.1,
    "stock_code": "141080",
    "order_status": "✅ 20주 주문 완료"
  },
  {
    "name": "휴젤",
    "best_k": 0.2,
    "stock_code": "145020",
    "order_status": "✅ 20주 주문 완료"
  },
  {
    "name": "에이비엘바이오",
    "best_k": 0.2,
    "stock_code": "298380",
    "order_status": "✅ 20주 주문 완료"
  },
  {
    "name": "클래시스",
    "best_k": 0.1,
    "stock_code": "214150",
    "order_status": "✅ 20주 주문 완료"
  },
  {
    "name": "삼천당제약",
    "best_k": 0.1,
    "stock_code": "000250",
    "order_status": "✅ 20주 주문 완료"
  },
  {
    "name": "코오롱티슈진",
    "best_k": 0.1,
    "stock_code": "950160",
    "order_status": "✅ 20주 주문 완료"
  },
  {
    "name": "리노공업",
    "best_k": 0.1,
    "stock_code": "058470",
    "order_status": "✅ 20주 주문 완료"
  },
  {
    "name": "에스엠",
    "best_k": 0.4,
    "stock_code": "041510",
    "order_status": "✅ 20주 주문 완료"
  },
  {
    "name": "실리콘투",
    "best_k": 0.1,
    "stock_code": "257720",
    "order_status": "✅ 20주 주문 완료"
  },
  {
    "name": "JYP Ent.",
    "best_k": 0.2,
    "stock_code": "035900",
    "order_status": "✅ 20주 주문 완료"
  },
  {
    "name": "펄어비스",
    "best_k": 0.1,
    "stock_code": "263750",
    "order_status": "✅ 20주 주문 완료"
  },
  {
    "name": "셀트리온제약",
    "best_k": 0.2,
    "stock_code": "068760",
    "order_status": "✅ 20주 주문 완료"
  },
  {
    "name": "젬백스",
    "best_k": 0.1,
    "stock_code": "082270",
    "order_status": "✅ 20주 주문 완료"
  },
  {
    "name": "보로노이",
    "best_k": 0.1,
    "stock_code": "310210",
    "order_status": "✅ 20주 주문 완료"
  },
  {
    "name": "HPSP",
    "best_k": 0.4,
    "stock_code": "403870",
    "order_status": "✅ 20주 주문 완료"
  },
  {
    "name": "이오테크닉스",
    "best_k": 0.8,
    "stock_code": "039030",
    "order_status": "✅ 20주 주문 완료"
  },
  {
    "name": "씨젠",
    "best_k": 0.1,
    "stock_code": "096530",
    "order_status": "✅ 20주 주문 완료"
  },
  {
    "name": "케어젠",
    "best_k": 0.1,
    "stock_code": "214370",
    "order_status": "✅ 20주 주문 완료"
  },
  {
    "name": "파크시스템스",
    "best_k": 0.1,
    "stock_code": "140860",
    "order_status": "✅ 20주 주문 완료"
  },
  {
    "name": "네이처셀",
    "best_k": 0.1,
    "stock_code": "007390",
    "order_status": "✅ 20주 주문 완료"
  },
  {
    "name": "신성델타테크",
    "best_k": 0.1,
    "stock_code": "065350",
    "order_status": "✅ 20주 주문 완료"
  },
  {
    "name": "에스티팜",
    "best_k": 0.30000000000000004,
    "stock_code": "237690",
    "order_status": "✅ 20주 주문 완료"
  },
  {
    "name": "와이지엔터테인먼트",
    "best_k": 0.7000000000000001,
    "stock_code": "122870",
    "order_status": "✅ 20주 주문 완료"
  },
  {
    "name": "주성엔지니어링",
    "best_k": 0.6,
    "stock_code": "036930",
    "order_status": "❌ 실패: ('Connection aborted.', RemoteDisconnected('Remote end closed connection without response'))"
  },
  {
    "name": "브이티",
    "best_k": 0.1,
    "stock_code": "018290",
    "order_status": "❌ 실패: HTTPSConnectionPool(host='openapivts.koreainvestment.com', port=29443): Max retries exceeded with url: /uapi/domestic-stock/v1/trading/order-cash (Caused by SSLError(SSLEOFError(8, 'EOF occurred in violation of protocol (_ssl.c:1000)')))"
  },
  {
    "name": "동진쎄미켐",
    "best_k": 0.1,
    "stock_code": "005290",
    "order_status": "✅ 20주 주문 완료"
  },
  {
    "name": "스튜디오드래곤",
    "best_k": 0.6,
    "stock_code": "253450",
    "order_status": "✅ 20주 주문 완료"
  },
  {
    "name": "엔켐",
    "best_k": 0.1,
    "stock_code": "348370",
    "order_status": "❌ 실패: ('Connection aborted.', RemoteDisconnected('Remote end closed connection without response'))"
  },
  {
    "name": "루닛",
    "best_k": 0.1,
    "stock_code": "328130",
    "order_status": "❌ 실패: ('Connection aborted.', RemoteDisconnected('Remote end closed connection without response'))"
  },
  {
    "name": "CJ ENM",
    "best_k": 0.1,
    "stock_code": "035760",
    "order_status": "✅ 20주 주문 완료"
  },
  {
    "name": "카카오게임즈",
    "best_k": 0.4,
    "stock_code": "293490",
    "order_status": "✅ 20주 주문 완료"
  },
  {
    "name": "디어유",
    "best_k": 0.4,
    "stock_code": "376300",
    "order_status": "❌ 실패: ('Connection aborted.', RemoteDisconnected('Remote end closed connection without response'))"
  },
  {
    "name": "서진시스템",
    "best_k": 0.30000000000000004,
    "stock_code": "178320",
    "order_status": "✅ 20주 주문 완료"
  },
  {
    "name": "테크윙",
    "best_k": 0.4,
    "stock_code": "089030",
    "order_status": "❌ 실패: ('Connection aborted.', RemoteDisconnected('Remote end closed connection without response'))"
  },
  {
    "name": "솔브레인",
    "best_k": 0.1,
    "stock_code": "357780",
    "order_status": "✅ 20주 주문 완료"
  },
  {
    "name": "메디톡스",
    "best_k": 0.1,
    "stock_code": "086900",
    "order_status": "✅ 20주 주문 완료"
  },
  {
    "name": "메지온",
    "best_k": 0.1,
    "stock_code": "140410",
    "order_status": "❌ 실패: HTTPSConnectionPool(host='openapivts.koreainvestment.com', port=29443): Max retries exceeded with url: /uapi/domestic-stock/v1/trading/order-cash (Caused by SSLError(SSLEOFError(8, 'EOF occurred in violation of protocol (_ssl.c:1000)')))"
  },
  {
    "name": "HK이노엔",
    "best_k": 0.7000000000000001,
    "stock_code": "195940",
    "order_status": "❌ 실패: ('Connection aborted.', RemoteDisconnected('Remote end closed connection without response'))"
  },
  {
    "name": "대주전자재료",
    "best_k": 0.2,
    "stock_code": "078600",
    "order_status": "✅ 20주 주문 완료"
  },
  {
    "name": "오스코텍",
    "best_k": 0.1,
    "stock_code": "039200",
    "order_status": "✅ 20주 주문 완료"
  },
  {
    "name": "원익IPS",
    "best_k": 0.9,
    "stock_code": "240810",
    "order_status": "❌ 실패: ('Connection aborted.', RemoteDisconnected('Remote end closed connection without response'))"
  },
  {
    "name": "카페24",
    "best_k": 0.1,
    "stock_code": "042000",
    "order_status": "✅ 20주 주문 완료"
  }
]